who,color,heading,xcor,ycor,shape,label,label-color,breed,hidden?,size,pen-size,pen-mode,team-number,manager?,visited?
0,18,226,5.1,1.7,"""person""","""""",9.9,{all-turtles},FALSE,1.5,1,"""up""",0,0,TRUE
1,18,295,3.287384426,2.545236523,"""person""","""""",9.9,{all-turtles},FALSE,1.5,1,"""up""",0,0,TRUE
2,18,173,5.1,1.7,"""person""","""""",9.9,{all-turtles},FALSE,1.5,1,"""up""",0,0,TRUE
3,18,28,6.038943126,3.465895186,"""person""","""""",9.9,{all-turtles},FALSE,1.5,1,"""up""",0,0,TRUE
4,18,304,3.441924855,2.818385807,"""person""","""""",9.9,{all-turtles},FALSE,1.5,1,"""up""",0,1,TRUE
5,18,356,4.960487053,3.695128101,"""person""","""""",9.9,{all-turtles},FALSE,1.5,1,"""up""",0,0,TRUE
6,18,270,4.1,1.7,"""person""","""""",9.9,{all-turtles},FALSE,1.5,1,"""up""",0,0,TRUE
7,18,187,4.978130657,0.707453848,"""person""","""""",9.9,{all-turtles},FALSE,1.5,1,"""up""",0,0,TRUE
8,18,195,4.841180955,0.734074174,"""person""","""""",9.9,{all-turtles},FALSE,1.5,1,"""up""",0,0,TRUE
9,18,285,4.134074174,1.958819045,"""person""","""""",9.9,{all-turtles},FALSE,1.5,1,"""up""",0,0,TRUE
10,18,176,5.239512947,-0.295128101,"""person""","""""",9.9,{all-turtles},FALSE,1.5,1,"""up""",0,0,TRUE
11,18,346,4.858078104,2.670295726,"""person""","""""",9.9,{all-turtles},FALSE,1.5,1,"""up""",0,0,TRUE
12,18,220,3.814424781,0.167911114,"""person""","""""",9.9,{all-turtles},FALSE,1.5,1,"""up""",0,0,TRUE
13,18,80,6.084807753,1.873648178,"""person""","""""",9.9,{all-turtles},FALSE,1.5,1,"""up""",0,0,TRUE
14,18,236,4.270962427,1.140807097,"""person""","""""",9.9,{all-turtles},FALSE,1.5,1,"""up""",0,0,TRUE
15,18,346,5.1,1.7,"""person""","""""",9.9,{all-turtles},FALSE,1.5,1,"""up""",0,0,TRUE
16,18,190,4.752703645,-0.269615506,"""person""","""""",9.9,{all-turtles},FALSE,1.5,1,"""up""",0,0,TRUE
17,18,13,5.1,1.7,"""person""","""""",9.9,{all-turtles},FALSE,1.5,1,"""up""",0,0,TRUE
18,18,233,3.50272898,0.496369954,"""person""","""""",9.9,{all-turtles},FALSE,1.5,1,"""up""",0,0,TRUE
19,18,165,5.358819045,0.734074174,"""person""","""""",9.9,{all-turtles},FALSE,1.5,1,"""up""",0,0,TRUE
20,26,314,0.1306602,1.54465837,"""person""","""""",9.9,{all-turtles},FALSE,1.5,1,"""up""",1,0,TRUE
21,26,308,0.85,0.85,"""person""","""""",9.9,{all-turtles},FALSE,1.5,1,"""up""",1,0,TRUE
22,26,260,0.85,0.85,"""person""","""""",9.9,{all-turtles},FALSE,1.5,1,"""up""",1,0,TRUE
23,26,149,1.88007615,-0.864334601,"""person""","""""",9.9,{all-turtles},FALSE,1.5,1,"""up""",1,0,TRUE
24,26,303,0.85,0.85,"""person""","""""",9.9,{all-turtles},FALSE,1.5,1,"""up""",1,0,TRUE
25,26,114,2.677090915,0.036526714,"""person""","""""",9.9,{all-turtles},FALSE,1.5,1,"""up""",1,0,TRUE
26,26,28,1.319471563,1.732947593,"""person""","""""",9.9,{all-turtles},FALSE,1.5,1,"""up""",1,0,TRUE
27,26,160,1.192020143,-0.089692621,"""person""","""""",9.9,{all-turtles},FALSE,1.5,1,"""up""",1,0,TRUE
28,26,39,2.108640782,2.404291923,"""person""","""""",9.9,{all-turtles},FALSE,1.5,1,"""up""",1,0,TRUE
29,26,147,0.85,0.85,"""person""","""""",9.9,{all-turtles},FALSE,1.5,1,"""up""",1,0,TRUE
30,26,320,-0.435575219,2.382088886,"""person""","""""",9.9,{all-turtles},FALSE,1.5,1,"""up""",1,0,TRUE
31,26,206,0.85,0.85,"""person""","""""",9.9,{all-turtles},FALSE,1.5,1,"""up""",1,0,TRUE
32,26,130,0.85,0.85,"""person""","""""",9.9,{all-turtles},FALSE,1.5,1,"""up""",1,0,TRUE
33,26,148,1.909838528,-0.846096192,"""person""","""""",9.9,{all-turtles},FALSE,1.5,1,"""up""",1,0,TRUE
34,26,274,-0.14756405,0.919756474,"""person""","""""",9.9,{all-turtles},FALSE,1.5,1,"""up""",1,0,TRUE
35,26,68,2.704367709,1.599213187,"""person""","""""",9.9,{all-turtles},FALSE,1.5,1,"""up""",1,0,TRUE
36,26,137,0.85,0.85,"""person""","""""",9.9,{all-turtles},FALSE,1.5,1,"""up""",1,0,TRUE
37,26,129,1.627145961,0.220679609,"""person""","""""",9.9,{all-turtles},FALSE,1.5,1,"""up""",1,1,TRUE
38,26,197,0.557628295,-0.106304756,"""person""","""""",9.9,{all-turtles},FALSE,1.5,1,"""up""",1,0,TRUE
39,26,254,-0.111261696,0.574362644,"""person""","""""",9.9,{all-turtles},FALSE,1.5,1,"""up""",1,0,TRUE
40,118,238,0,8.5,"""person""","""""",9.9,{all-turtles},FALSE,1.5,1,"""up""",2,0,TRUE
41,118,270,-1,8.5,"""person""","""""",9.9,{all-turtles},FALSE,1.5,1,"""up""",2,1,TRUE
42,118,274,-1.995128101,8.639512947,"""person""","""""",9.9,{all-turtles},FALSE,1.5,1,"""up""",2,0,TRUE
43,118,331,0,8.5,"""person""","""""",9.9,{all-turtles},FALSE,1.5,1,"""up""",2,0,TRUE
44,118,98,0.990268069,8.360826899,"""person""","""""",9.9,{all-turtles},FALSE,1.5,1,"""up""",2,0,TRUE
45,118,122,1.696096192,7.440161472,"""person""","""""",9.9,{all-turtles},FALSE,1.5,1,"""up""",2,0,TRUE
46,118,297,0,8.5,"""person""","""""",9.9,{all-turtles},FALSE,1.5,1,"""up""",2,0,TRUE
47,118,41,0,8.5,"""person""","""""",9.9,{all-turtles},FALSE,1.5,1,"""up""",2,0,TRUE
48,118,115,0.906307787,8.077381738,"""person""","""""",9.9,{all-turtles},FALSE,1.5,1,"""up""",2,0,TRUE
49,118,33,0.544639035,9.338670568,"""person""","""""",9.9,{all-turtles},FALSE,1.5,1,"""up""",2,0,TRUE
50,118,106,0.961261696,8.224362644,"""person""","""""",9.9,{all-turtles},FALSE,1.5,1,"""up""",2,0,TRUE
51,118,203,0,8.5,"""person""","""""",9.9,{all-turtles},FALSE,1.5,1,"""up""",2,0,TRUE
52,118,67,0.920504853,8.890731128,"""person""","""""",9.9,{all-turtles},FALSE,1.5,1,"""up""",2,0,TRUE
53,118,149,1.03007615,6.785665399,"""person""","""""",9.9,{all-turtles},FALSE,1.5,1,"""up""",2,0,TRUE
54,118,1,0.034904813,10.49969539,"""person""","""""",9.9,{all-turtles},FALSE,1.5,1,"""up""",2,0,TRUE
55,118,269,0,8.5,"""person""","""""",9.9,{all-turtles},FALSE,1.5,1,"""up""",2,0,TRUE
56,118,65,0.906307787,8.922618262,"""person""","""""",9.9,{all-turtles},FALSE,1.5,1,"""up""",2,0,TRUE
57,118,213,-0.544639035,7.661329432,"""person""","""""",9.9,{all-turtles},FALSE,1.5,1,"""up""",2,0,TRUE
58,118,49,1.50941916,9.812118058,"""person""","""""",9.9,{all-turtles},FALSE,1.5,1,"""up""",2,0,TRUE
59,118,73,0.956304756,8.792371705,"""person""","""""",9.9,{all-turtles},FALSE,1.5,1,"""up""",2,0,TRUE
60,54,335,-2.545236523,8.612615574,"""person""","""""",9.9,{all-turtles},FALSE,1.5,1,"""up""",3,0,TRUE
61,54,39,-1.7,6.8,"""person""","""""",9.9,{all-turtles},FALSE,1.5,1,"""up""",3,0,TRUE
62,54,339,-2.416735899,8.667160853,"""person""","""""",9.9,{all-turtles},FALSE,1.5,1,"""up""",3,0,TRUE
63,54,139,-1.043940971,6.04529042,"""person""","""""",9.9,{all-turtles},FALSE,1.5,1,"""up""",3,0,TRUE
64,54,287,-2.656304756,7.092371705,"""person""","""""",9.9,{all-turtles},FALSE,1.5,1,"""up""",3,0,TRUE
65,54,165,-1.18236191,4.868148347,"""person""","""""",9.9,{all-turtles},FALSE,1.5,1,"""up""",3,0,TRUE
66,54,138,-1.7,6.8,"""person""","""""",9.9,{all-turtles},FALSE,1.5,1,"""up""",3,0,TRUE
67,54,233,-3.29727102,5.596369954,"""person""","""""",9.9,{all-turtles},FALSE,1.5,1,"""up""",3,0,TRUE
68,54,312,-3.186289651,8.138261213,"""person""","""""",9.9,{all-turtles},FALSE,1.5,1,"""up""",3,0,TRUE
69,54,164,-1.424362644,5.838738304,"""person""","""""",9.9,{all-turtles},FALSE,1.5,1,"""up""",3,1,TRUE
70,54,201,-1.7,6.8,"""person""","""""",9.9,{all-turtles},FALSE,1.5,1,"""up""",3,0,TRUE
71,54,94,-0.70243595,6.730243526,"""person""","""""",9.9,{all-turtles},FALSE,1.5,1,"""up""",3,0,TRUE
72,54,293,-3.541009707,7.581462257,"""person""","""""",9.9,{all-turtles},FALSE,1.5,1,"""up""",3,0,TRUE
73,54,15,-1.7,6.8,"""person""","""""",9.9,{all-turtles},FALSE,1.5,1,"""up""",3,0,TRUE
74,54,40,-1.7,6.8,"""person""","""""",9.9,{all-turtles},FALSE,1.5,1,"""up""",3,0,TRUE
75,54,89,-0.700152305,6.817452406,"""person""","""""",9.9,{all-turtles},FALSE,1.5,1,"""up""",3,0,TRUE
76,54,291,-2.633580426,7.15836795,"""person""","""""",9.9,{all-turtles},FALSE,1.5,1,"""up""",3,0,TRUE
77,54,52,-1.7,6.8,"""person""","""""",9.9,{all-turtles},FALSE,1.5,1,"""up""",3,0,TRUE
78,54,15,-1.441180955,7.765925826,"""person""","""""",9.9,{all-turtles},FALSE,1.5,1,"""up""",3,0,TRUE
79,54,300,-3.432050808,7.8,"""person""","""""",9.9,{all-turtles},FALSE,1.5,1,"""up""",3,0,TRUE
80,63,60,-4.25,3.4,"""person""","""""",9.9,{all-turtles},FALSE,1.5,1,"""up""",4,0,TRUE
81,63,266,-4.25,3.4,"""person""","""""",9.9,{all-turtles},FALSE,1.5,1,"""up""",4,0,TRUE
82,63,145,-4.25,3.4,"""person""","""""",9.9,{all-turtles},FALSE,1.5,1,"""up""",4,0,TRUE
83,63,87,-3.251370465,3.452335956,"""person""","""""",9.9,{all-turtles},FALSE,1.5,1,"""up""",4,0,TRUE
84,63,222,-5.588261213,1.913710349,"""person""","""""",9.9,{all-turtles},FALSE,1.5,1,"""up""",4,0,TRUE
85,63,9,-4.093565535,4.387688341,"""person""","""""",9.9,{all-turtles},FALSE,1.5,1,"""up""",4,0,TRUE
86,63,248,-6.104367709,2.650786813,"""person""","""""",9.9,{all-turtles},FALSE,1.5,1,"""up""",4,0,TRUE
87,63,48,-4.25,3.4,"""person""","""""",9.9,{all-turtles},FALSE,1.5,1,"""up""",4,1,TRUE
88,63,356,-4.319756474,4.39756405,"""person""","""""",9.9,{all-turtles},FALSE,1.5,1,"""up""",4,0,TRUE
89,63,261,-5.237688341,3.243565535,"""person""","""""",9.9,{all-turtles},FALSE,1.5,1,"""up""",4,0,TRUE
90,63,60,-2.517949192,4.4,"""person""","""""",9.9,{all-turtles},FALSE,1.5,1,"""up""",4,0,TRUE
91,63,8,-4.25,3.4,"""person""","""""",9.9,{all-turtles},FALSE,1.5,1,"""up""",4,0,TRUE
92,63,13,-4.25,3.4,"""person""","""""",9.9,{all-turtles},FALSE,1.5,1,"""up""",4,0,TRUE
93,63,132,-4.25,3.4,"""person""","""""",9.9,{all-turtles},FALSE,1.5,1,"""up""",4,0,TRUE
94,63,168,-4.042088309,2.421852399,"""person""","""""",9.9,{all-turtles},FALSE,1.5,1,"""up""",4,0,TRUE
95,63,133,-4.25,3.4,"""person""","""""",9.9,{all-turtles},FALSE,1.5,1,"""up""",4,0,TRUE
96,63,118,-3.367052407,2.930528437,"""person""","""""",9.9,{all-turtles},FALSE,1.5,1,"""up""",4,0,TRUE
97,63,29,-3.76519038,4.274619707,"""person""","""""",9.9,{all-turtles},FALSE,1.5,1,"""up""",4,0,TRUE
98,63,254,-4.25,3.4,"""person""","""""",9.9,{all-turtles},FALSE,1.5,1,"""up""",4,0,TRUE
99,63,143,-3.046369954,1.80272898,"""person""","""""",9.9,{all-turtles},FALSE,1.5,1,"""up""",4,0,TRUE
100,19,64,-1.651205954,8.088371147,"""person""","""""",9.9,{all-turtles},FALSE,1.5,1,"""up""",5,0,TRUE
101,19,21,-1.833264101,9.517160853,"""person""","""""",9.9,{all-turtles},FALSE,1.5,1,"""up""",5,0,TRUE
102,19,75,-1.584074174,7.908819045,"""person""","""""",9.9,{all-turtles},FALSE,1.5,1,"""up""",5,0,TRUE
103,19,199,-2.55,7.65,"""person""","""""",9.9,{all-turtles},FALSE,1.5,1,"""up""",5,0,TRUE
104,19,17,-2.257628295,8.606304756,"""person""","""""",9.9,{all-turtles},FALSE,1.5,1,"""up""",5,0,TRUE
105,19,143,-1.948184977,6.85136449,"""person""","""""",9.9,{all-turtles},FALSE,1.5,1,"""up""",5,0,TRUE
106,19,18,-1.931966011,9.552113033,"""person""","""""",9.9,{all-turtles},FALSE,1.5,1,"""up""",5,0,TRUE
107,19,347,-2.774951054,8.624370065,"""person""","""""",9.9,{all-turtles},FALSE,1.5,1,"""up""",5,0,TRUE
108,19,174,-2.55,7.65,"""person""","""""",9.9,{all-turtles},FALSE,1.5,1,"""up""",5,1,TRUE
109,19,19,-2.224431846,8.595518576,"""person""","""""",9.9,{all-turtles},FALSE,1.5,1,"""up""",5,0,TRUE
110,19,58,-2.55,7.65,"""person""","""""",9.9,{all-turtles},FALSE,1.5,1,"""up""",5,0,TRUE
111,19,90,-2.55,7.65,"""person""","""""",9.9,{all-turtles},FALSE,1.5,1,"""up""",5,0,TRUE
112,19,113,-1.629495147,7.259268872,"""person""","""""",9.9,{all-turtles},FALSE,1.5,1,"""up""",5,0,TRUE
113,19,181,-2.584904813,5.65030461,"""person""","""""",9.9,{all-turtles},FALSE,1.5,1,"""up""",5,0,TRUE
114,19,172,-2.410826899,6.659731931,"""person""","""""",9.9,{all-turtles},FALSE,1.5,1,"""up""",5,0,TRUE
115,19,3,-2.55,7.65,"""person""","""""",9.9,{all-turtles},FALSE,1.5,1,"""up""",5,0,TRUE
116,19,188,-2.828346202,5.669463863,"""person""","""""",9.9,{all-turtles},FALSE,1.5,1,"""up""",5,0,TRUE
117,19,108,-2.55,7.65,"""person""","""""",9.9,{all-turtles},FALSE,1.5,1,"""up""",5,0,TRUE
118,19,159,-2.19163205,6.716419574,"""person""","""""",9.9,{all-turtles},FALSE,1.5,1,"""up""",5,0,TRUE
119,19,11,-2.168382009,9.613254367,"""person""","""""",9.9,{all-turtles},FALSE,1.5,1,"""up""",5,0,TRUE
120,35,38,4.015661475,0.788010754,"""person""","""""",9.9,{all-turtles},FALSE,1.5,1,"""up""",6,0,TRUE
121,35,39,4.658640782,1.554291923,"""person""","""""",9.9,{all-turtles},FALSE,1.5,1,"""up""",6,0,TRUE
122,35,324,3.4,0,"""person""","""""",9.9,{all-turtles},FALSE,1.5,1,"""up""",6,0,TRUE
123,35,332,2.461056874,1.765895186,"""person""","""""",9.9,{all-turtles},FALSE,1.5,1,"""up""",6,0,TRUE
124,35,218,2.168677049,-1.576021507,"""person""","""""",9.9,{all-turtles},FALSE,1.5,1,"""up""",6,0,TRUE
125,35,71,4.345518576,0.325568154,"""person""","""""",9.9,{all-turtles},FALSE,1.5,1,"""up""",6,0,TRUE
126,35,58,3.4,0,"""person""","""""",9.9,{all-turtles},FALSE,1.5,1,"""up""",6,0,TRUE
127,35,128,3.4,0,"""person""","""""",9.9,{all-turtles},FALSE,1.5,1,"""up""",6,0,TRUE
128,35,43,4.08199836,0.731353702,"""person""","""""",9.9,{all-turtles},FALSE,1.5,1,"""up""",6,0,TRUE
129,35,230,1.867911114,-1.285575219,"""person""","""""",9.9,{all-turtles},FALSE,1.5,1,"""up""",6,0,TRUE
130,35,321,2.770679609,0.777145961,"""person""","""""",9.9,{all-turtles},FALSE,1.5,1,"""up""",6,0,TRUE
131,35,161,3.4,0,"""person""","""""",9.9,{all-turtles},FALSE,1.5,1,"""up""",6,0,TRUE
132,35,308,3.4,0,"""person""","""""",9.9,{all-turtles},FALSE,1.5,1,"""up""",6,0,TRUE
133,35,120,5.132050808,-1,"""person""","""""",9.9,{all-turtles},FALSE,1.5,1,"""up""",6,0,TRUE
134,35,120,4.266025404,-0.5,"""person""","""""",9.9,{all-turtles},FALSE,1.5,1,"""up""",6,0,TRUE
135,35,26,4.276742294,1.797588093,"""person""","""""",9.9,{all-turtles},FALSE,1.5,1,"""up""",6,0,TRUE
136,35,256,3.4,0,"""person""","""""",9.9,{all-turtles},FALSE,1.5,1,"""up""",6,0,TRUE
137,35,139,3.4,0,"""person""","""""",9.9,{all-turtles},FALSE,1.5,1,"""up""",6,1,TRUE
138,35,329,2.884961925,0.857167301,"""person""","""""",9.9,{all-turtles},FALSE,1.5,1,"""up""",6,0,TRUE
139,35,41,4.056059029,0.75470958,"""person""","""""",9.9,{all-turtles},FALSE,1.5,1,"""up""",6,0,TRUE
140,134,279,-5.95,3.4,"""person""","""""",9.9,{all-turtles},FALSE,1.5,1,"""up""",7,0,TRUE
141,134,277,-6.942546152,3.521869343,"""person""","""""",9.9,{all-turtles},FALSE,1.5,1,"""up""",7,0,TRUE
142,134,27,-5.95,3.4,"""person""","""""",9.9,{all-turtles},FALSE,1.5,1,"""up""",7,0,TRUE
143,134,101,-3.986745633,3.018382009,"""person""","""""",9.9,{all-turtles},FALSE,1.5,1,"""up""",7,0,TRUE
144,134,114,-5.95,3.4,"""person""","""""",9.9,{all-turtles},FALSE,1.5,1,"""up""",7,0,TRUE
145,134,44,-5.95,3.4,"""person""","""""",9.9,{all-turtles},FALSE,1.5,1,"""up""",7,0,TRUE
146,134,289,-7.841037151,4.051136309,"""person""","""""",9.9,{all-turtles},FALSE,1.5,1,"""up""",7,0,TRUE
147,134,105,-4.018148347,2.88236191,"""person""","""""",9.9,{all-turtles},FALSE,1.5,1,"""up""",7,0,TRUE
148,134,306,-5.95,3.4,"""person""","""""",9.9,{all-turtles},FALSE,1.5,1,"""up""",7,0,TRUE
149,134,346,-6.433843791,5.340591453,"""person""","""""",9.9,{all-turtles},FALSE,1.5,1,"""up""",7,0,TRUE
150,134,274,-7.945128101,3.539512947,"""person""","""""",9.9,{all-turtles},FALSE,1.5,1,"""up""",7,0,TRUE
151,134,8,-5.810826899,4.390268069,"""person""","""""",9.9,{all-turtles},FALSE,1.5,1,"""up""",7,1,TRUE
152,134,328,-7.009838528,5.096096192,"""person""","""""",9.9,{all-turtles},FALSE,1.5,1,"""up""",7,0,TRUE
153,134,214,-6.509192903,2.570962427,"""person""","""""",9.9,{all-turtles},FALSE,1.5,1,"""up""",7,0,TRUE
154,134,10,-5.776351822,4.384807753,"""person""","""""",9.9,{all-turtles},FALSE,1.5,1,"""up""",7,0,TRUE
155,134,60,-5.083974596,3.9,"""person""","""""",9.9,{all-turtles},FALSE,1.5,1,"""up""",7,0,TRUE
156,134,315,-5.95,3.4,"""person""","""""",9.9,{all-turtles},FALSE,1.5,1,"""up""",7,0,TRUE
157,134,27,-5.95,3.4,"""person""","""""",9.9,{all-turtles},FALSE,1.5,1,"""up""",7,0,TRUE
158,134,155,-5.95,3.4,"""person""","""""",9.9,{all-turtles},FALSE,1.5,1,"""up""",7,0,TRUE
159,134,18,-5.95,3.4,"""person""","""""",9.9,{all-turtles},FALSE,1.5,1,"""up""",7,0,TRUE
160,87,40,7.65,-4.25,"""person""","""""",9.9,{all-turtles},FALSE,1.5,1,"""up""",8,0,TRUE
161,87,8,7.928346202,-2.269463863,"""person""","""""",9.9,{all-turtles},FALSE,1.5,1,"""up""",8,1,TRUE
162,87,144,8.825570505,-5.868033989,"""person""","""""",9.9,{all-turtles},FALSE,1.5,1,"""up""",8,0,TRUE
163,87,208,7.180528437,-5.132947593,"""person""","""""",9.9,{all-turtles},FALSE,1.5,1,"""up""",8,0,TRUE
164,87,272,5.651218346,-4.180201007,"""person""","""""",9.9,{all-turtles},FALSE,1.5,1,"""up""",8,0,TRUE
165,87,292,5.795632291,-3.500786813,"""person""","""""",9.9,{all-turtles},FALSE,1.5,1,"""up""",8,0,TRUE
166,87,109,7.65,-4.25,"""person""","""""",9.9,{all-turtles},FALSE,1.5,1,"""up""",8,0,TRUE
167,87,9,7.806434465,-3.262311659,"""person""","""""",9.9,{all-turtles},FALSE,1.5,1,"""up""",8,0,TRUE
168,87,271,7.65,-4.25,"""person""","""""",9.9,{all-turtles},FALSE,1.5,1,"""up""",8,0,TRUE
169,87,169,7.840808995,-5.231627183,"""person""","""""",9.9,{all-turtles},FALSE,1.5,1,"""up""",8,0,TRUE
170,87,229,6.89529042,-4.906059029,"""person""","""""",9.9,{all-turtles},FALSE,1.5,1,"""up""",8,0,TRUE
171,87,53,7.65,-4.25,"""person""","""""",9.9,{all-turtles},FALSE,1.5,1,"""up""",8,0,TRUE
172,87,355,7.562844257,-3.253805302,"""person""","""""",9.9,{all-turtles},FALSE,1.5,1,"""up""",8,0,TRUE
173,87,89,7.65,-4.25,"""person""","""""",9.9,{all-turtles},FALSE,1.5,1,"""up""",8,0,TRUE
174,87,222,6.311738787,-5.736289651,"""person""","""""",9.9,{all-turtles},FALSE,1.5,1,"""up""",8,0,TRUE
175,87,36,8.237785252,-3.440983006,"""person""","""""",9.9,{all-turtles},FALSE,1.5,1,"""up""",8,0,TRUE
176,87,20,7.65,-4.25,"""person""","""""",9.9,{all-turtles},FALSE,1.5,1,"""up""",8,0,TRUE
177,87,304,6.820962427,-3.690807097,"""person""","""""",9.9,{all-turtles},FALSE,1.5,1,"""up""",8,0,TRUE
178,87,99,8.637688341,-4.406434465,"""person""","""""",9.9,{all-turtles},FALSE,1.5,1,"""up""",8,0,TRUE
179,87,190,7.476351822,-5.234807753,"""person""","""""",9.9,{all-turtles},FALSE,1.5,1,"""up""",8,0,TRUE
180,117,318,5.95,8.5,"""person""","""""",9.9,{all-turtles},FALSE,1.5,1,"""up""",9,0,TRUE
181,117,349,5.568382009,10.46325437,"""person""","""""",9.9,{all-turtles},FALSE,1.5,1,"""up""",9,0,TRUE
182,117,273,5.95,8.5,"""person""","""""",9.9,{all-turtles},FALSE,1.5,1,"""up""",9,0,TRUE
183,117,56,6.779037573,9.059192903,"""person""","""""",9.9,{all-turtles},FALSE,1.5,1,"""up""",9,0,TRUE
184,117,195,5.95,8.5,"""person""","""""",9.9,{all-turtles},FALSE,1.5,1,"""up""",9,0,TRUE
185,117,304,4.291924855,9.618385807,"""person""","""""",9.9,{all-turtles},FALSE,1.5,1,"""up""",9,0,TRUE
186,117,43,6.63199836,9.231353702,"""person""","""""",9.9,{all-turtles},FALSE,1.5,1,"""up""",9,0,TRUE
187,117,327,5.95,8.5,"""person""","""""",9.9,{all-turtles},FALSE,1.5,1,"""up""",9,0,TRUE
188,117,57,6.788670568,9.044639035,"""person""","""""",9.9,{all-turtles},FALSE,1.5,1,"""up""",9,0,TRUE
189,117,267,4.951370465,8.447664044,"""person""","""""",9.9,{all-turtles},FALSE,1.5,1,"""up""",9,0,TRUE
190,117,173,6.071869343,7.507453848,"""person""","""""",9.9,{all-turtles},FALSE,1.5,1,"""up""",9,0,TRUE
191,117,53,6.74863551,9.101815023,"""person""","""""",9.9,{all-turtles},FALSE,1.5,1,"""up""",9,0,TRUE
192,117,63,6.841006524,8.9539905,"""person""","""""",9.9,{all-turtles},FALSE,1.5,1,"""up""",9,0,TRUE
193,117,299,5.075380293,8.98480962,"""person""","""""",9.9,{all-turtles},FALSE,1.5,1,"""up""",9,0,TRUE
194,117,346,5.708078104,9.470295726,"""person""","""""",9.9,{all-turtles},FALSE,1.5,1,"""up""",9,0,TRUE
195,117,245,5.95,8.5,"""person""","""""",9.9,{all-turtles},FALSE,1.5,1,"""up""",9,0,TRUE
196,117,290,5.010307379,8.842020143,"""person""","""""",9.9,{all-turtles},FALSE,1.5,1,"""up""",9,0,TRUE
197,117,312,4.463710349,9.838261213,"""person""","""""",9.9,{all-turtles},FALSE,1.5,1,"""up""",9,0,TRUE
198,117,327,5.405360965,9.338670568,"""person""","""""",9.9,{all-turtles},FALSE,1.5,1,"""up""",9,1,TRUE
199,117,108,6.901056516,8.190983006,"""person""","""""",9.9,{all-turtles},FALSE,1.5,1,"""up""",9,0,TRUE
200,19,108,-2.55,7.65,"""person""","""""",9.9,{all-turtles},FALSE,1.5,1,"""up""",5,0,TRUE
201,19,108,-2.55,7.65,"""person""","""""",9.9,{all-turtles},FALSE,1.5,1,"""up""",5,0,TRUE
202,19,108,-2.55,7.65,"""person""","""""",9.9,{all-turtles},FALSE,1.5,1,"""up""",5,0,TRUE
203,19,108,-2.55,7.65,"""person""","""""",9.9,{all-turtles},FALSE,1.5,1,"""up""",5,0,TRUE
204,19,108,-2.55,7.65,"""person""","""""",9.9,{all-turtles},FALSE,1.5,1,"""up""",5,0,TRUE
205,87,89,7.65,-4.25,"""person""","""""",9.9,{all-turtles},FALSE,1.5,1,"""up""",8,0,TRUE
206,87,89,7.65,-4.25,"""person""","""""",9.9,{all-turtles},FALSE,1.5,1,"""up""",8,0,TRUE
207,87,89,7.65,-4.25,"""person""","""""",9.9,{all-turtles},FALSE,1.5,1,"""up""",8,0,TRUE
208,87,89,7.65,-4.25,"""person""","""""",9.9,{all-turtles},FALSE,1.5,1,"""up""",8,0,TRUE
209,87,89,7.65,-4.25,"""person""","""""",9.9,{all-turtles},FALSE,1.5,1,"""up""",8,0,TRUE
210,63,356,-4.319756474,4.39756405,"""person""","""""",9.9,{all-turtles},FALSE,1.5,1,"""up""",4,0,TRUE
211,63,356,-4.319756474,4.39756405,"""person""","""""",9.9,{all-turtles},FALSE,1.5,1,"""up""",4,0,TRUE
212,63,356,-4.319756474,4.39756405,"""person""","""""",9.9,{all-turtles},FALSE,1.5,1,"""up""",4,0,TRUE
213,63,356,-4.319756474,4.39756405,"""person""","""""",9.9,{all-turtles},FALSE,1.5,1,"""up""",4,0,TRUE
214,63,356,-4.319756474,4.39756405,"""person""","""""",9.9,{all-turtles},FALSE,1.5,1,"""up""",4,0,TRUE
215,35,332,2.461056874,1.765895186,"""person""","""""",9.9,{all-turtles},FALSE,1.5,1,"""up""",6,0,TRUE
216,35,332,2.461056874,1.765895186,"""person""","""""",9.9,{all-turtles},FALSE,1.5,1,"""up""",6,0,TRUE
217,35,332,2.461056874,1.765895186,"""person""","""""",9.9,{all-turtles},FALSE,1.5,1,"""up""",6,0,TRUE
218,35,332,2.461056874,1.765895186,"""person""","""""",9.9,{all-turtles},FALSE,1.5,1,"""up""",6,0,TRUE
219,35,332,2.461056874,1.765895186,"""person""","""""",9.9,{all-turtles},FALSE,1.5,1,"""up""",6,0,TRUE
220,19,19,-2.224431846,8.595518576,"""person""","""""",9.9,{all-turtles},FALSE,1.5,1,"""up""",5,0,TRUE
221,19,19,-2.224431846,8.595518576,"""person""","""""",9.9,{all-turtles},FALSE,1.5,1,"""up""",5,0,TRUE
222,19,19,-2.224431846,8.595518576,"""person""","""""",9.9,{all-turtles},FALSE,1.5,1,"""up""",5,0,TRUE
223,19,19,-2.224431846,8.595518576,"""person""","""""",9.9,{all-turtles},FALSE,1.5,1,"""up""",5,0,TRUE
224,19,19,-2.224431846,8.595518576,"""person""","""""",9.9,{all-turtles},FALSE,1.5,1,"""up""",5,0,TRUE
225,26,148,1.909838528,-0.846096192,"""person""","""""",9.9,{all-turtles},FALSE,1.5,1,"""up""",1,0,TRUE
226,26,148,1.909838528,-0.846096192,"""person""","""""",9.9,{all-turtles},FALSE,1.5,1,"""up""",1,0,TRUE
227,26,148,1.909838528,-0.846096192,"""person""","""""",9.9,{all-turtles},FALSE,1.5,1,"""up""",1,0,TRUE
228,26,148,1.909838528,-0.846096192,"""person""","""""",9.9,{all-turtles},FALSE,1.5,1,"""up""",1,0,TRUE
229,26,148,1.909838528,-0.846096192,"""person""","""""",9.9,{all-turtles},FALSE,1.5,1,"""up""",1,0,TRUE
230,19,90,-2.55,7.65,"""person""","""""",9.9,{all-turtles},FALSE,1.5,1,"""up""",5,0,TRUE
231,19,90,-2.55,7.65,"""person""","""""",9.9,{all-turtles},FALSE,1.5,1,"""up""",5,0,TRUE
232,19,90,-2.55,7.65,"""person""","""""",9.9,{all-turtles},FALSE,1.5,1,"""up""",5,0,TRUE
233,19,90,-2.55,7.65,"""person""","""""",9.9,{all-turtles},FALSE,1.5,1,"""up""",5,0,TRUE
234,19,90,-2.55,7.65,"""person""","""""",9.9,{all-turtles},FALSE,1.5,1,"""up""",5,0,TRUE
235,63,356,-4.319756474,4.39756405,"""person""","""""",9.9,{all-turtles},FALSE,1.5,1,"""up""",4,0,TRUE
236,63,356,-4.319756474,4.39756405,"""person""","""""",9.9,{all-turtles},FALSE,1.5,1,"""up""",4,0,TRUE
237,63,356,-4.319756474,4.39756405,"""person""","""""",9.9,{all-turtles},FALSE,1.5,1,"""up""",4,0,TRUE
238,63,356,-4.319756474,4.39756405,"""person""","""""",9.9,{all-turtles},FALSE,1.5,1,"""up""",4,0,TRUE
239,63,356,-4.319756474,4.39756405,"""person""","""""",9.9,{all-turtles},FALSE,1.5,1,"""up""",4,0,TRUE
240,63,9,-4.093565535,4.387688341,"""person""","""""",9.9,{all-turtles},FALSE,1.5,1,"""up""",4,0,TRUE
241,63,9,-4.093565535,4.387688341,"""person""","""""",9.9,{all-turtles},FALSE,1.5,1,"""up""",4,0,TRUE
242,63,9,-4.093565535,4.387688341,"""person""","""""",9.9,{all-turtles},FALSE,1.5,1,"""up""",4,0,TRUE
243,63,9,-4.093565535,4.387688341,"""person""","""""",9.9,{all-turtles},FALSE,1.5,1,"""up""",4,0,TRUE
244,63,9,-4.093565535,4.387688341,"""person""","""""",9.9,{all-turtles},FALSE,1.5,1,"""up""",4,0,TRUE
245,118,41,0,8.5,"""person""","""""",9.9,{all-turtles},FALSE,1.5,1,"""up""",2,0,TRUE
246,118,41,0,8.5,"""person""","""""",9.9,{all-turtles},FALSE,1.5,1,"""up""",2,0,TRUE
247,118,41,0,8.5,"""person""","""""",9.9,{all-turtles},FALSE,1.5,1,"""up""",2,0,TRUE
248,118,41,0,8.5,"""person""","""""",9.9,{all-turtles},FALSE,1.5,1,"""up""",2,0,TRUE
249,118,41,0,8.5,"""person""","""""",9.9,{all-turtles},FALSE,1.5,1,"""up""",2,0,TRUE
250,35,230,1.867911114,-1.285575219,"""person""","""""",9.9,{all-turtles},FALSE,1.5,1,"""up""",6,0,TRUE
251,35,230,1.867911114,-1.285575219,"""person""","""""",9.9,{all-turtles},FALSE,1.5,1,"""up""",6,0,TRUE
252,35,230,1.867911114,-1.285575219,"""person""","""""",9.9,{all-turtles},FALSE,1.5,1,"""up""",6,0,TRUE
253,35,230,1.867911114,-1.285575219,"""person""","""""",9.9,{all-turtles},FALSE,1.5,1,"""up""",6,0,TRUE
254,35,230,1.867911114,-1.285575219,"""person""","""""",9.9,{all-turtles},FALSE,1.5,1,"""up""",6,0,TRUE
255,26,197,0.557628295,-0.106304756,"""person""","""""",9.9,{all-turtles},FALSE,1.5,1,"""up""",1,0,TRUE
256,26,197,0.557628295,-0.106304756,"""person""","""""",9.9,{all-turtles},FALSE,1.5,1,"""up""",1,0,TRUE
257,26,197,0.557628295,-0.106304756,"""person""","""""",9.9,{all-turtles},FALSE,1.5,1,"""up""",1,0,TRUE
258,26,197,0.557628295,-0.106304756,"""person""","""""",9.9,{all-turtles},FALSE,1.5,1,"""up""",1,0,TRUE
259,26,197,0.557628295,-0.106304756,"""person""","""""",9.9,{all-turtles},FALSE,1.5,1,"""up""",1,0,TRUE
260,26,197,0.557628295,-0.106304756,"""person""","""""",9.9,{all-turtles},FALSE,1.5,1,"""up""",1,0,TRUE
261,26,197,0.557628295,-0.106304756,"""person""","""""",9.9,{all-turtles},FALSE,1.5,1,"""up""",1,0,TRUE
262,26,197,0.557628295,-0.106304756,"""person""","""""",9.9,{all-turtles},FALSE,1.5,1,"""up""",1,0,TRUE
263,26,197,0.557628295,-0.106304756,"""person""","""""",9.9,{all-turtles},FALSE,1.5,1,"""up""",1,0,TRUE
264,26,197,0.557628295,-0.106304756,"""person""","""""",9.9,{all-turtles},FALSE,1.5,1,"""up""",1,0,TRUE
265,26,147,0.85,0.85,"""person""","""""",9.9,{all-turtles},FALSE,1.5,1,"""up""",1,0,TRUE
266,26,147,0.85,0.85,"""person""","""""",9.9,{all-turtles},FALSE,1.5,1,"""up""",1,0,TRUE
267,26,147,0.85,0.85,"""person""","""""",9.9,{all-turtles},FALSE,1.5,1,"""up""",1,0,TRUE
268,26,147,0.85,0.85,"""person""","""""",9.9,{all-turtles},FALSE,1.5,1,"""up""",1,0,TRUE
269,26,147,0.85,0.85,"""person""","""""",9.9,{all-turtles},FALSE,1.5,1,"""up""",1,0,TRUE
270,54,39,-1.7,6.8,"""person""","""""",9.9,{all-turtles},FALSE,1.5,1,"""up""",3,0,TRUE
271,54,39,-1.7,6.8,"""person""","""""",9.9,{all-turtles},FALSE,1.5,1,"""up""",3,0,TRUE
272,54,39,-1.7,6.8,"""person""","""""",9.9,{all-turtles},FALSE,1.5,1,"""up""",3,0,TRUE
273,54,39,-1.7,6.8,"""person""","""""",9.9,{all-turtles},FALSE,1.5,1,"""up""",3,0,TRUE
274,54,39,-1.7,6.8,"""person""","""""",9.9,{all-turtles},FALSE,1.5,1,"""up""",3,0,TRUE
275,19,188,-2.828346202,5.669463863,"""person""","""""",9.9,{all-turtles},FALSE,1.5,1,"""up""",5,0,TRUE
276,19,188,-2.828346202,5.669463863,"""person""","""""",9.9,{all-turtles},FALSE,1.5,1,"""up""",5,0,TRUE
277,19,188,-2.828346202,5.669463863,"""person""","""""",9.9,{all-turtles},FALSE,1.5,1,"""up""",5,0,TRUE
278,19,188,-2.828346202,5.669463863,"""person""","""""",9.9,{all-turtles},FALSE,1.5,1,"""up""",5,0,TRUE
279,19,188,-2.828346202,5.669463863,"""person""","""""",9.9,{all-turtles},FALSE,1.5,1,"""up""",5,0,TRUE
280,63,356,-4.319756474,4.39756405,"""person""","""""",9.9,{all-turtles},FALSE,1.5,1,"""up""",4,0,TRUE
281,63,356,-4.319756474,4.39756405,"""person""","""""",9.9,{all-turtles},FALSE,1.5,1,"""up""",4,0,TRUE
282,63,356,-4.319756474,4.39756405,"""person""","""""",9.9,{all-turtles},FALSE,1.5,1,"""up""",4,0,TRUE
283,63,356,-4.319756474,4.39756405,"""person""","""""",9.9,{all-turtles},FALSE,1.5,1,"""up""",4,0,TRUE
284,63,356,-4.319756474,4.39756405,"""person""","""""",9.9,{all-turtles},FALSE,1.5,1,"""up""",4,0,TRUE
285,63,356,-4.319756474,4.39756405,"""person""","""""",9.9,{all-turtles},FALSE,1.5,1,"""up""",4,0,TRUE
286,63,356,-4.319756474,4.39756405,"""person""","""""",9.9,{all-turtles},FALSE,1.5,1,"""up""",4,0,TRUE
287,63,356,-4.319756474,4.39756405,"""person""","""""",9.9,{all-turtles},FALSE,1.5,1,"""up""",4,0,TRUE
288,63,356,-4.319756474,4.39756405,"""person""","""""",9.9,{all-turtles},FALSE,1.5,1,"""up""",4,0,TRUE
289,63,356,-4.319756474,4.39756405,"""person""","""""",9.9,{all-turtles},FALSE,1.5,1,"""up""",4,0,TRUE
290,26,147,0.85,0.85,"""person""","""""",9.9,{all-turtles},FALSE,1.5,1,"""up""",1,0,TRUE
291,26,147,0.85,0.85,"""person""","""""",9.9,{all-turtles},FALSE,1.5,1,"""up""",1,0,TRUE
292,26,147,0.85,0.85,"""person""","""""",9.9,{all-turtles},FALSE,1.5,1,"""up""",1,0,TRUE
293,26,147,0.85,0.85,"""person""","""""",9.9,{all-turtles},FALSE,1.5,1,"""up""",1,0,TRUE
294,26,147,0.85,0.85,"""person""","""""",9.9,{all-turtles},FALSE,1.5,1,"""up""",1,0,TRUE
295,19,19,-2.224431846,8.595518576,"""person""","""""",9.9,{all-turtles},FALSE,1.5,1,"""up""",5,0,TRUE
296,19,19,-2.224431846,8.595518576,"""person""","""""",9.9,{all-turtles},FALSE,1.5,1,"""up""",5,0,TRUE
297,19,19,-2.224431846,8.595518576,"""person""","""""",9.9,{all-turtles},FALSE,1.5,1,"""up""",5,0,TRUE
298,19,19,-2.224431846,8.595518576,"""person""","""""",9.9,{all-turtles},FALSE,1.5,1,"""up""",5,0,TRUE
299,19,19,-2.224431846,8.595518576,"""person""","""""",9.9,{all-turtles},FALSE,1.5,1,"""up""",5,0,TRUE
300,63,356,-4.319756474,4.39756405,"""person""","""""",9.9,{all-turtles},FALSE,1.5,1,"""up""",4,0,TRUE
301,63,356,-4.319756474,4.39756405,"""person""","""""",9.9,{all-turtles},FALSE,1.5,1,"""up""",4,0,TRUE
302,63,356,-4.319756474,4.39756405,"""person""","""""",9.9,{all-turtles},FALSE,1.5,1,"""up""",4,0,TRUE
303,63,356,-4.319756474,4.39756405,"""person""","""""",9.9,{all-turtles},FALSE,1.5,1,"""up""",4,0,TRUE
304,63,356,-4.319756474,4.39756405,"""person""","""""",9.9,{all-turtles},FALSE,1.5,1,"""up""",4,0,TRUE
305,117,290,5.010307379,8.842020143,"""person""","""""",9.9,{all-turtles},FALSE,1.5,1,"""up""",9,0,TRUE
306,117,290,5.010307379,8.842020143,"""person""","""""",9.9,{all-turtles},FALSE,1.5,1,"""up""",9,0,TRUE
307,117,290,5.010307379,8.842020143,"""person""","""""",9.9,{all-turtles},FALSE,1.5,1,"""up""",9,0,TRUE
308,117,290,5.010307379,8.842020143,"""person""","""""",9.9,{all-turtles},FALSE,1.5,1,"""up""",9,0,TRUE
309,117,290,5.010307379,8.842020143,"""person""","""""",9.9,{all-turtles},FALSE,1.5,1,"""up""",9,0,TRUE
310,18,356,4.960487053,3.695128101,"""person""","""""",9.9,{all-turtles},FALSE,1.5,1,"""up""",0,0,TRUE
311,18,356,4.960487053,3.695128101,"""person""","""""",9.9,{all-turtles},FALSE,1.5,1,"""up""",0,0,TRUE
312,18,356,4.960487053,3.695128101,"""person""","""""",9.9,{all-turtles},FALSE,1.5,1,"""up""",0,0,TRUE
313,18,356,4.960487053,3.695128101,"""person""","""""",9.9,{all-turtles},FALSE,1.5,1,"""up""",0,0,TRUE
314,18,356,4.960487053,3.695128101,"""person""","""""",9.9,{all-turtles},FALSE,1.5,1,"""up""",0,0,TRUE
315,26,129,1.627145961,0.220679609,"""person""","""""",9.9,{all-turtles},FALSE,1.5,1,"""up""",1,1,TRUE
316,26,129,1.627145961,0.220679609,"""person""","""""",9.9,{all-turtles},FALSE,1.5,1,"""up""",1,1,TRUE
317,26,129,1.627145961,0.220679609,"""person""","""""",9.9,{all-turtles},FALSE,1.5,1,"""up""",1,1,TRUE
318,26,129,1.627145961,0.220679609,"""person""","""""",9.9,{all-turtles},FALSE,1.5,1,"""up""",1,1,TRUE
319,26,129,1.627145961,0.220679609,"""person""","""""",9.9,{all-turtles},FALSE,1.5,1,"""up""",1,1,TRUE
320,19,174,-2.55,7.65,"""person""","""""",9.9,{all-turtles},FALSE,1.5,1,"""up""",5,1,TRUE
321,19,174,-2.55,7.65,"""person""","""""",9.9,{all-turtles},FALSE,1.5,1,"""up""",5,1,TRUE
322,19,174,-2.55,7.65,"""person""","""""",9.9,{all-turtles},FALSE,1.5,1,"""up""",5,1,TRUE
323,19,174,-2.55,7.65,"""person""","""""",9.9,{all-turtles},FALSE,1.5,1,"""up""",5,1,TRUE
324,19,174,-2.55,7.65,"""person""","""""",9.9,{all-turtles},FALSE,1.5,1,"""up""",5,1,TRUE
325,54,291,-2.633580426,7.15836795,"""person""","""""",9.9,{all-turtles},FALSE,1.5,1,"""up""",3,0,TRUE
326,54,291,-2.633580426,7.15836795,"""person""","""""",9.9,{all-turtles},FALSE,1.5,1,"""up""",3,0,TRUE
327,54,291,-2.633580426,7.15836795,"""person""","""""",9.9,{all-turtles},FALSE,1.5,1,"""up""",3,0,TRUE
328,54,291,-2.633580426,7.15836795,"""person""","""""",9.9,{all-turtles},FALSE,1.5,1,"""up""",3,0,TRUE
329,54,291,-2.633580426,7.15836795,"""person""","""""",9.9,{all-turtles},FALSE,1.5,1,"""up""",3,0,TRUE
330,26,197,0.557628295,-0.106304756,"""person""","""""",9.9,{all-turtles},FALSE,1.5,1,"""up""",1,0,TRUE
331,26,197,0.557628295,-0.106304756,"""person""","""""",9.9,{all-turtles},FALSE,1.5,1,"""up""",1,0,TRUE
332,26,197,0.557628295,-0.106304756,"""person""","""""",9.9,{all-turtles},FALSE,1.5,1,"""up""",1,0,TRUE
333,26,197,0.557628295,-0.106304756,"""person""","""""",9.9,{all-turtles},FALSE,1.5,1,"""up""",1,0,TRUE
334,26,197,0.557628295,-0.106304756,"""person""","""""",9.9,{all-turtles},FALSE,1.5,1,"""up""",1,0,TRUE
335,19,188,-2.828346202,5.669463863,"""person""","""""",9.9,{all-turtles},FALSE,1.5,1,"""up""",5,0,TRUE
336,19,188,-2.828346202,5.669463863,"""person""","""""",9.9,{all-turtles},FALSE,1.5,1,"""up""",5,0,TRUE
337,19,188,-2.828346202,5.669463863,"""person""","""""",9.9,{all-turtles},FALSE,1.5,1,"""up""",5,0,TRUE
338,19,188,-2.828346202,5.669463863,"""person""","""""",9.9,{all-turtles},FALSE,1.5,1,"""up""",5,0,TRUE
339,19,188,-2.828346202,5.669463863,"""person""","""""",9.9,{all-turtles},FALSE,1.5,1,"""up""",5,0,TRUE
340,26,197,0.557628295,-0.106304756,"""person""","""""",9.9,{all-turtles},FALSE,1.5,1,"""up""",1,0,TRUE
341,26,197,0.557628295,-0.106304756,"""person""","""""",9.9,{all-turtles},FALSE,1.5,1,"""up""",1,0,TRUE
342,26,197,0.557628295,-0.106304756,"""person""","""""",9.9,{all-turtles},FALSE,1.5,1,"""up""",1,0,TRUE
343,26,197,0.557628295,-0.106304756,"""person""","""""",9.9,{all-turtles},FALSE,1.5,1,"""up""",1,0,TRUE
344,26,197,0.557628295,-0.106304756,"""person""","""""",9.9,{all-turtles},FALSE,1.5,1,"""up""",1,0,TRUE
345,35,332,2.461056874,1.765895186,"""person""","""""",9.9,{all-turtles},FALSE,1.5,1,"""up""",6,0,TRUE
346,35,332,2.461056874,1.765895186,"""person""","""""",9.9,{all-turtles},FALSE,1.5,1,"""up""",6,0,TRUE
347,35,332,2.461056874,1.765895186,"""person""","""""",9.9,{all-turtles},FALSE,1.5,1,"""up""",6,0,TRUE
348,35,332,2.461056874,1.765895186,"""person""","""""",9.9,{all-turtles},FALSE,1.5,1,"""up""",6,0,TRUE
349,35,332,2.461056874,1.765895186,"""person""","""""",9.9,{all-turtles},FALSE,1.5,1,"""up""",6,0,TRUE
350,118,270,-1,8.5,"""person""","""""",9.9,{all-turtles},FALSE,1.5,1,"""up""",2,1,TRUE
351,118,270,-1,8.5,"""person""","""""",9.9,{all-turtles},FALSE,1.5,1,"""up""",2,1,TRUE
352,118,270,-1,8.5,"""person""","""""",9.9,{all-turtles},FALSE,1.5,1,"""up""",2,1,TRUE
353,118,270,-1,8.5,"""person""","""""",9.9,{all-turtles},FALSE,1.5,1,"""up""",2,1,TRUE
354,118,270,-1,8.5,"""person""","""""",9.9,{all-turtles},FALSE,1.5,1,"""up""",2,1,TRUE
355,26,274,-0.14756405,0.919756474,"""person""","""""",9.9,{all-turtles},FALSE,1.5,1,"""up""",1,0,TRUE
356,26,274,-0.14756405,0.919756474,"""person""","""""",9.9,{all-turtles},FALSE,1.5,1,"""up""",1,0,TRUE
357,26,274,-0.14756405,0.919756474,"""person""","""""",9.9,{all-turtles},FALSE,1.5,1,"""up""",1,0,TRUE
358,26,274,-0.14756405,0.919756474,"""person""","""""",9.9,{all-turtles},FALSE,1.5,1,"""up""",1,0,TRUE
359,26,274,-0.14756405,0.919756474,"""person""","""""",9.9,{all-turtles},FALSE,1.5,1,"""up""",1,0,TRUE
360,18,356,4.960487053,3.695128101,"""person""","""""",9.9,{all-turtles},FALSE,1.5,1,"""up""",0,0,TRUE
361,18,356,4.960487053,3.695128101,"""person""","""""",9.9,{all-turtles},FALSE,1.5,1,"""up""",0,0,TRUE
362,18,356,4.960487053,3.695128101,"""person""","""""",9.9,{all-turtles},FALSE,1.5,1,"""up""",0,0,TRUE
363,18,356,4.960487053,3.695128101,"""person""","""""",9.9,{all-turtles},FALSE,1.5,1,"""up""",0,0,TRUE
364,18,356,4.960487053,3.695128101,"""person""","""""",9.9,{all-turtles},FALSE,1.5,1,"""up""",0,0,TRUE
365,117,56,6.779037573,9.059192903,"""person""","""""",9.9,{all-turtles},FALSE,1.5,1,"""up""",9,0,TRUE
366,117,56,6.779037573,9.059192903,"""person""","""""",9.9,{all-turtles},FALSE,1.5,1,"""up""",9,0,TRUE
367,117,56,6.779037573,9.059192903,"""person""","""""",9.9,{all-turtles},FALSE,1.5,1,"""up""",9,0,TRUE
368,117,56,6.779037573,9.059192903,"""person""","""""",9.9,{all-turtles},FALSE,1.5,1,"""up""",9,0,TRUE
369,117,56,6.779037573,9.059192903,"""person""","""""",9.9,{all-turtles},FALSE,1.5,1,"""up""",9,0,TRUE
370,19,188,-2.828346202,5.669463863,"""person""","""""",9.9,{all-turtles},FALSE,1.5,1,"""up""",5,0,TRUE
371,19,188,-2.828346202,5.669463863,"""person""","""""",9.9,{all-turtles},FALSE,1.5,1,"""up""",5,0,TRUE
372,19,188,-2.828346202,5.669463863,"""person""","""""",9.9,{all-turtles},FALSE,1.5,1,"""up""",5,0,TRUE
373,19,188,-2.828346202,5.669463863,"""person""","""""",9.9,{all-turtles},FALSE,1.5,1,"""up""",5,0,TRUE
374,19,188,-2.828346202,5.669463863,"""person""","""""",9.9,{all-turtles},FALSE,1.5,1,"""up""",5,0,TRUE
375,63,356,-4.319756474,4.39756405,"""person""","""""",9.9,{all-turtles},FALSE,1.5,1,"""up""",4,0,TRUE
376,63,356,-4.319756474,4.39756405,"""person""","""""",9.9,{all-turtles},FALSE,1.5,1,"""up""",4,0,TRUE
377,63,356,-4.319756474,4.39756405,"""person""","""""",9.9,{all-turtles},FALSE,1.5,1,"""up""",4,0,TRUE
378,63,356,-4.319756474,4.39756405,"""person""","""""",9.9,{all-turtles},FALSE,1.5,1,"""up""",4,0,TRUE
379,63,356,-4.319756474,4.39756405,"""person""","""""",9.9,{all-turtles},FALSE,1.5,1,"""up""",4,0,TRUE
380,87,20,7.65,-4.25,"""person""","""""",9.9,{all-turtles},FALSE,1.5,1,"""up""",8,0,TRUE
381,87,20,7.65,-4.25,"""person""","""""",9.9,{all-turtles},FALSE,1.5,1,"""up""",8,0,TRUE
382,87,20,7.65,-4.25,"""person""","""""",9.9,{all-turtles},FALSE,1.5,1,"""up""",8,0,TRUE
383,87,20,7.65,-4.25,"""person""","""""",9.9,{all-turtles},FALSE,1.5,1,"""up""",8,0,TRUE
384,87,20,7.65,-4.25,"""person""","""""",9.9,{all-turtles},FALSE,1.5,1,"""up""",8,0,TRUE
385,19,188,-2.828346202,5.669463863,"""person""","""""",9.9,{all-turtles},FALSE,1.5,1,"""up""",5,0,TRUE
386,19,188,-2.828346202,5.669463863,"""person""","""""",9.9,{all-turtles},FALSE,1.5,1,"""up""",5,0,TRUE
387,19,188,-2.828346202,5.669463863,"""person""","""""",9.9,{all-turtles},FALSE,1.5,1,"""up""",5,0,TRUE
388,19,188,-2.828346202,5.669463863,"""person""","""""",9.9,{all-turtles},FALSE,1.5,1,"""up""",5,0,TRUE
389,19,188,-2.828346202,5.669463863,"""person""","""""",9.9,{all-turtles},FALSE,1.5,1,"""up""",5,0,TRUE
390,19,174,-2.55,7.65,"""person""","""""",9.9,{all-turtles},FALSE,1.5,1,"""up""",5,1,TRUE
391,19,174,-2.55,7.65,"""person""","""""",9.9,{all-turtles},FALSE,1.5,1,"""up""",5,1,TRUE
392,19,174,-2.55,7.65,"""person""","""""",9.9,{all-turtles},FALSE,1.5,1,"""up""",5,1,TRUE
393,19,174,-2.55,7.65,"""person""","""""",9.9,{all-turtles},FALSE,1.5,1,"""up""",5,1,TRUE
394,19,174,-2.55,7.65,"""person""","""""",9.9,{all-turtles},FALSE,1.5,1,"""up""",5,1,TRUE
395,118,270,-1,8.5,"""person""","""""",9.9,{all-turtles},FALSE,1.5,1,"""up""",2,1,TRUE
396,118,270,-1,8.5,"""person""","""""",9.9,{all-turtles},FALSE,1.5,1,"""up""",2,1,TRUE
397,118,270,-1,8.5,"""person""","""""",9.9,{all-turtles},FALSE,1.5,1,"""up""",2,1,TRUE
398,118,270,-1,8.5,"""person""","""""",9.9,{all-turtles},FALSE,1.5,1,"""up""",2,1,TRUE
399,118,270,-1,8.5,"""person""","""""",9.9,{all-turtles},FALSE,1.5,1,"""up""",2,1,TRUE
400,26,197,0.557628295,-0.106304756,"""person""","""""",9.9,{all-turtles},FALSE,1.5,1,"""up""",1,0,TRUE
401,26,197,0.557628295,-0.106304756,"""person""","""""",9.9,{all-turtles},FALSE,1.5,1,"""up""",1,0,TRUE
402,26,197,0.557628295,-0.106304756,"""person""","""""",9.9,{all-turtles},FALSE,1.5,1,"""up""",1,0,TRUE
403,26,197,0.557628295,-0.106304756,"""person""","""""",9.9,{all-turtles},FALSE,1.5,1,"""up""",1,0,TRUE
404,26,197,0.557628295,-0.106304756,"""person""","""""",9.9,{all-turtles},FALSE,1.5,1,"""up""",1,0,TRUE
405,18,165,5.358819045,0.734074174,"""person""","""""",9.9,{all-turtles},FALSE,1.5,1,"""up""",0,0,TRUE
406,18,165,5.358819045,0.734074174,"""person""","""""",9.9,{all-turtles},FALSE,1.5,1,"""up""",0,0,TRUE
407,18,165,5.358819045,0.734074174,"""person""","""""",9.9,{all-turtles},FALSE,1.5,1,"""up""",0,0,TRUE
408,18,165,5.358819045,0.734074174,"""person""","""""",9.9,{all-turtles},FALSE,1.5,1,"""up""",0,0,TRUE
409,18,165,5.358819045,0.734074174,"""person""","""""",9.9,{all-turtles},FALSE,1.5,1,"""up""",0,0,TRUE
410,26,129,1.627145961,0.220679609,"""person""","""""",9.9,{all-turtles},FALSE,1.5,1,"""up""",1,1,TRUE
411,26,129,1.627145961,0.220679609,"""person""","""""",9.9,{all-turtles},FALSE,1.5,1,"""up""",1,1,TRUE
412,26,129,1.627145961,0.220679609,"""person""","""""",9.9,{all-turtles},FALSE,1.5,1,"""up""",1,1,TRUE
413,26,129,1.627145961,0.220679609,"""person""","""""",9.9,{all-turtles},FALSE,1.5,1,"""up""",1,1,TRUE
414,26,129,1.627145961,0.220679609,"""person""","""""",9.9,{all-turtles},FALSE,1.5,1,"""up""",1,1,TRUE
415,134,277,-6.942546152,3.521869343,"""person""","""""",9.9,{all-turtles},FALSE,1.5,1,"""up""",7,0,TRUE
416,134,277,-6.942546152,3.521869343,"""person""","""""",9.9,{all-turtles},FALSE,1.5,1,"""up""",7,0,TRUE
417,134,277,-6.942546152,3.521869343,"""person""","""""",9.9,{all-turtles},FALSE,1.5,1,"""up""",7,0,TRUE
418,134,277,-6.942546152,3.521869343,"""person""","""""",9.9,{all-turtles},FALSE,1.5,1,"""up""",7,0,TRUE
419,134,277,-6.942546152,3.521869343,"""person""","""""",9.9,{all-turtles},FALSE,1.5,1,"""up""",7,0,TRUE
420,26,147,0.85,0.85,"""person""","""""",9.9,{all-turtles},FALSE,1.5,1,"""up""",1,0,TRUE
421,26,147,0.85,0.85,"""person""","""""",9.9,{all-turtles},FALSE,1.5,1,"""up""",1,0,TRUE
422,26,147,0.85,0.85,"""person""","""""",9.9,{all-turtles},FALSE,1.5,1,"""up""",1,0,TRUE
423,26,147,0.85,0.85,"""person""","""""",9.9,{all-turtles},FALSE,1.5,1,"""up""",1,0,TRUE
424,26,147,0.85,0.85,"""person""","""""",9.9,{all-turtles},FALSE,1.5,1,"""up""",1,0,TRUE
425,63,356,-4.319756474,4.39756405,"""person""","""""",9.9,{all-turtles},FALSE,1.5,1,"""up""",4,0,TRUE
426,63,356,-4.319756474,4.39756405,"""person""","""""",9.9,{all-turtles},FALSE,1.5,1,"""up""",4,0,TRUE
427,63,356,-4.319756474,4.39756405,"""person""","""""",9.9,{all-turtles},FALSE,1.5,1,"""up""",4,0,TRUE
428,63,356,-4.319756474,4.39756405,"""person""","""""",9.9,{all-turtles},FALSE,1.5,1,"""up""",4,0,TRUE
429,63,356,-4.319756474,4.39756405,"""person""","""""",9.9,{all-turtles},FALSE,1.5,1,"""up""",4,0,TRUE
430,117,57,6.788670568,9.044639035,"""person""","""""",9.9,{all-turtles},FALSE,1.5,1,"""up""",9,0,TRUE
431,117,57,6.788670568,9.044639035,"""person""","""""",9.9,{all-turtles},FALSE,1.5,1,"""up""",9,0,TRUE
432,117,57,6.788670568,9.044639035,"""person""","""""",9.9,{all-turtles},FALSE,1.5,1,"""up""",9,0,TRUE
433,117,57,6.788670568,9.044639035,"""person""","""""",9.9,{all-turtles},FALSE,1.5,1,"""up""",9,0,TRUE
434,117,57,6.788670568,9.044639035,"""person""","""""",9.9,{all-turtles},FALSE,1.5,1,"""up""",9,0,TRUE
435,26,308,0.85,0.85,"""person""","""""",9.9,{all-turtles},FALSE,1.5,1,"""up""",1,0,TRUE
436,26,308,0.85,0.85,"""person""","""""",9.9,{all-turtles},FALSE,1.5,1,"""up""",1,0,TRUE
437,26,308,0.85,0.85,"""person""","""""",9.9,{all-turtles},FALSE,1.5,1,"""up""",1,0,TRUE
438,26,308,0.85,0.85,"""person""","""""",9.9,{all-turtles},FALSE,1.5,1,"""up""",1,0,TRUE
439,26,308,0.85,0.85,"""person""","""""",9.9,{all-turtles},FALSE,1.5,1,"""up""",1,0,TRUE
440,26,129,1.627145961,0.220679609,"""person""","""""",9.9,{all-turtles},FALSE,1.5,1,"""up""",1,1,TRUE
441,26,129,1.627145961,0.220679609,"""person""","""""",9.9,{all-turtles},FALSE,1.5,1,"""up""",1,1,TRUE
442,26,129,1.627145961,0.220679609,"""person""","""""",9.9,{all-turtles},FALSE,1.5,1,"""up""",1,1,TRUE
443,26,129,1.627145961,0.220679609,"""person""","""""",9.9,{all-turtles},FALSE,1.5,1,"""up""",1,1,TRUE
444,26,129,1.627145961,0.220679609,"""person""","""""",9.9,{all-turtles},FALSE,1.5,1,"""up""",1,1,TRUE
445,19,188,-2.828346202,5.669463863,"""person""","""""",9.9,{all-turtles},FALSE,1.5,1,"""up""",5,0,TRUE
446,19,188,-2.828346202,5.669463863,"""person""","""""",9.9,{all-turtles},FALSE,1.5,1,"""up""",5,0,TRUE
447,19,188,-2.828346202,5.669463863,"""person""","""""",9.9,{all-turtles},FALSE,1.5,1,"""up""",5,0,TRUE
448,19,188,-2.828346202,5.669463863,"""person""","""""",9.9,{all-turtles},FALSE,1.5,1,"""up""",5,0,TRUE
449,19,188,-2.828346202,5.669463863,"""person""","""""",9.9,{all-turtles},FALSE,1.5,1,"""up""",5,0,TRUE
